name,link
Angelo P. Tanna,https://www.scholars.northwestern.edu/en/persons/angelo-p-tanna
Bonnie Sue Essner,https://www.scholars.northwestern.edu/en/persons/bonnie-sue-essner
Bradley D. Allen,https://www.scholars.northwestern.edu/en/persons/bradley-d-allen
Abel N. Kho,https://www.scholars.northwestern.edu/en/persons/abel-n-kho
Alexander W. Korutz,https://www.scholars.northwestern.edu/en/persons/alexander-w-korutz
Dan Xu,https://www.scholars.northwestern.edu/en/persons/dan-xu
Colin K. Franz,https://www.scholars.northwestern.edu/en/persons/colin-k-franz
Daniel Montie Corcos,https://www.scholars.northwestern.edu/en/persons/daniel-montie-corcos
Colby Shad Thaxton,https://www.scholars.northwestern.edu/en/persons/leo-i-gordon
Chad J. Achenbach,https://www.scholars.northwestern.edu/en/persons/chad-j-achenbach
Claire A. Coyne,https://www.scholars.northwestern.edu/en/persons/claire-a-coyne
Claus-Peter Richter,https://www.scholars.northwestern.edu/en/persons/claus-peter-richter
Daniel T. Robinson,https://www.scholars.northwestern.edu/en/persons/daniel-t-robinson-md-msc
Daniela P. Ladner,https://www.scholars.northwestern.edu/en/persons/daniela-p-ladner
Donald Robinson Cantrell,https://www.scholars.northwestern.edu/en/persons/donald-robinson-cantrell
David T. Liss,https://www.scholars.northwestern.edu/en/persons/david-liss
Elizabeth A. Hahn,https://www.scholars.northwestern.edu/en/persons/elizabeth-a-hahn
Egon Anderson Ozer,https://www.scholars.northwestern.edu/en/persons/egon-anderson-ozer
Debra E. Weese-Mayer,https://www.scholars.northwestern.edu/en/persons/debra-e-weese-mayer
Guillermo Antonio Ameer,https://www.scholars.northwestern.edu/en/persons/guillermo-antonio-ameer
Erika E. Lawrence,https://www.scholars.northwestern.edu/en/persons/erika-eileen-lawrence
Hongxin Dong,https://www.scholars.northwestern.edu/en/persons/hongxin-dong
Jane E. Wilcox,https://www.scholars.northwestern.edu/en/persons/jane-e-wilcox
Jeremy D. Collins,https://www.scholars.northwestern.edu/en/persons/jeremy-d-collins
Jennifer Donglan Wu,https://www.scholars.northwestern.edu/en/persons/jennifer-donglan-wu
Inger E. Burnett-Zeigler,https://www.scholars.northwestern.edu/en/persons/inger-e-burnett-zeigler
Jill A. Weissberg Benchell,https://www.scholars.northwestern.edu/en/persons/jill-a-weissberg-benchell
Jenna Rossoff,https://www.scholars.northwestern.edu/en/persons/jenna-rossoff
Jill Hibishman Samis,https://www.scholars.northwestern.edu/en/persons/jill-hibishman-samis
Jordan Henry Grafman,https://www.scholars.northwestern.edu/en/persons/jordan-henry-grafman
Karla J. F. Satchell,https://www.scholars.northwestern.edu/en/persons/karla-j-satchell
Karna Murthy,https://www.scholars.northwestern.edu/en/persons/karna-murthy
Kelly N. Michelson,https://www.scholars.northwestern.edu/en/persons/kelly-n-michelson
Keith Edward Gordon,https://www.scholars.northwestern.edu/en/persons/keith-edward-gordon
Ken A. Paller,https://www.scholars.northwestern.edu/en/persons/ken-paller
Joshua N. Leonard,https://www.scholars.northwestern.edu/en/persons/joshua-n-leonard
Kehinde U. A. Adekola,https://www.scholars.northwestern.edu/en/persons/kehinde-adekola
Khalilah Latrece Gates,https://www.scholars.northwestern.edu/en/persons/khalilah-l-gates
Lifang Hou,https://www.scholars.northwestern.edu/en/persons/lifang-hou
Marc Brian Rosenman,https://www.scholars.northwestern.edu/en/persons/marc-brian-rosenman
Linda Van Van Horn,https://www.scholars.northwestern.edu/en/persons/linda-van-horn
Lynn M. Yee,https://www.scholars.northwestern.edu/en/persons/lynn-m-yee
Maria L. V. Dizon,https://www.scholars.northwestern.edu/en/persons/maria-l-dizon
Matthew James OBrien,https://www.scholars.northwestern.edu/en/persons/matthew-james-obrien
Mary Alison Mahieu,https://www.scholars.northwestern.edu/en/persons/mary-alison-mahieu
Melinda R. Ring,https://www.scholars.northwestern.edu/en/persons/melinda-r-ring
Matthieu Kevin Chardon,https://www.scholars.northwestern.edu/en/persons/matthieu-kevin-chardon
Matthew Justin Major,https://www.scholars.northwestern.edu/en/persons/matthew-justin-major
Michael C. Fagen,https://www.scholars.northwestern.edu/en/persons/michael-fagen
Maryann Mason,https://www.scholars.northwestern.edu/en/persons/maryann-mason
Netta Gurari,https://www.scholars.northwestern.edu/en/persons/justin-drogos
Paul A. Knepper,https://www.scholars.northwestern.edu/en/persons/paul-a-knepper
Robert J. Vassar,https://www.scholars.northwestern.edu/en/persons/robert-j-vassar
Rod S. Passman,https://www.scholars.northwestern.edu/en/persons/rod-s-passman
Sadiya Sana Khan,https://www.scholars.northwestern.edu/en/persons/sadiya-sana-khan
Sherif M. Badawy,https://www.scholars.northwestern.edu/en/persons/sherif-m-badawy
Sanjiv J. Shah,https://www.scholars.northwestern.edu/en/persons/sanjiv-j-shah
Sonali Chaudhury,https://www.scholars.northwestern.edu/en/persons/sonali-chaudhury
Stephen D. Miller,https://www.scholars.northwestern.edu/en/persons/stephen-d-miller
Sumanas Wanant Jordan,https://www.scholars.northwestern.edu/en/persons/sumanas-wanant-jordan
Todd B. Parrish,https://www.scholars.northwestern.edu/en/persons/todd-b-parrish
Teresa H. Horton,https://www.scholars.northwestern.edu/en/persons/terry-horton
Wei Zhang,https://www.scholars.northwestern.edu/en/persons/wei-zhang
Ye Han,https://www.scholars.northwestern.edu/en/persons/alanna-higgins
