name,link
Claus-Peter Richter,https://www.scholars.northwestern.edu/en/persons/claus-peter-richter
Rosalind Ramsey-Goldman,https://www.scholars.northwestern.edu/en/persons/rosalind-ramsey-goldman
Mary Alison Mahieu,https://www.scholars.northwestern.edu/en/persons/mary-alison-mahieu
Richard G. Wunderink,https://www.scholars.northwestern.edu/en/persons/richard-g-wunderink
Samuel I. Stupp,https://www.scholars.northwestern.edu/en/persons/samuel-stupp
Colby Shad Thaxton,https://www.scholars.northwestern.edu/en/persons/leo-i-gordon
Ye Han,https://www.scholars.northwestern.edu/en/persons/alanna-higgins
Leo I. Gordon,https://www.scholars.northwestern.edu/en/persons/leo-i-gordon
John Y. S. Kim,https://www.scholars.northwestern.edu/en/persons/john-yah-sung-kim
Bradley D. Allen,https://www.scholars.northwestern.edu/en/persons/bradley-d-allen
James C. Carr,https://www.scholars.northwestern.edu/en/persons/james-m-rondinelli
Daniele Procissi,https://www.scholars.northwestern.edu/en/persons/daniele-procissi
William J. Gradishar,https://www.scholars.northwestern.edu/en/persons/william-j-gradishar
Michael Markl,https://www.scholars.northwestern.edu/en/persons/michael-markl
Robert I. Liem,https://www.scholars.northwestern.edu/en/persons/robert-i-liem
Sherif M. Badawy,https://www.scholars.northwestern.edu/en/persons/sherif-m-badawy
Conrad L. Epting,https://www.scholars.northwestern.edu/en/persons/conrad-l-epting
Eric L. Wald,https://www.scholars.northwestern.edu/en/persons/eric-l-wald
Kelly N. Michelson,https://www.scholars.northwestern.edu/en/persons/kelly-n-michelson
Dan Xu,https://www.scholars.northwestern.edu/en/persons/dan-xu
Stephen D. Miller,https://www.scholars.northwestern.edu/en/persons/stephen-d-miller
Gary E. Schiltz,https://www.scholars.northwestern.edu/en/persons/gary-e-schiltz
Rama K. Mishra,https://www.scholars.northwestern.edu/en/persons/rama-k-mishra
Debra E. Weese-Mayer,https://www.scholars.northwestern.edu/en/persons/debra-e-weese-mayer
David C. Mohr,https://www.scholars.northwestern.edu/en/persons/david-c-mohr
Frank A. Zelko,https://www.scholars.northwestern.edu/en/persons/frank-a-zelko
Lynn M. Yee,https://www.scholars.northwestern.edu/en/persons/lynn-m-yee
Melissa A. Simon,https://www.scholars.northwestern.edu/en/persons/melissa-a-simon
Alfred W. Rademaker,https://www.scholars.northwestern.edu/en/persons/alfred-w-rademaker
Kehinde U. A. Adekola,https://www.scholars.northwestern.edu/en/persons/kehinde-adekola
Bin Jiang,https://www.scholars.northwestern.edu/en/persons/bin-jiang
Sonali Chaudhury,https://www.scholars.northwestern.edu/en/persons/sonali-chaudhury
William J. Muller,https://www.scholars.northwestern.edu/en/persons/william-j-muller
Guillermo Antonio Ameer,https://www.scholars.northwestern.edu/en/persons/guillermo-antonio-ameer
Alexander W. Korutz,https://www.scholars.northwestern.edu/en/persons/alexander-w-korutz
Chen X. Lin,https://www.scholars.northwestern.edu/en/persons/lin-x-chen
Xi Zhang,https://www.scholars.northwestern.edu/en/persons/xiaomin-zhang
Maryann Mason,https://www.scholars.northwestern.edu/en/persons/maryann-mason
Anjan Tibrewala,https://www.scholars.northwestern.edu/en/persons/anjan-tibrewala
Benjamin Howard Freed,https://www.scholars.northwestern.edu/en/persons/benjamin-howard-freed
Rod S. Passman,https://www.scholars.northwestern.edu/en/persons/rod-s-passman
Justyna A. Dobrowolska Zakaria,https://www.scholars.northwestern.edu/en/persons/justyna-a-dobrowolska-zakaria
Robert J. Vassar,https://www.scholars.northwestern.edu/en/persons/robert-j-vassar
Lifang Hou,https://www.scholars.northwestern.edu/en/persons/lifang-hou
Wei Zhang,https://www.scholars.northwestern.edu/en/persons/wei-zhang
Jeremy D. Collins,https://www.scholars.northwestern.edu/en/persons/jeremy-d-collins
Frank Joseph Palella,https://www.scholars.northwestern.edu/en/persons/frank-joseph-palella-jr
Riad Salem,https://www.scholars.northwestern.edu/en/persons/riad-salem
Chad J. Achenbach,https://www.scholars.northwestern.edu/en/persons/chad-j-achenbach
Robert J. Lewandowski,https://www.scholars.northwestern.edu/en/persons/robert-j-lewandowski
Susanne Schnell,https://www.scholars.northwestern.edu/en/persons/susanne-schnell
Daniel Montie Corcos,https://www.scholars.northwestern.edu/en/persons/daniel-montie-corcos
Maria L. V. Dizon,https://www.scholars.northwestern.edu/en/persons/maria-l-dizon
Bonnie Sue Essner,https://www.scholars.northwestern.edu/en/persons/bonnie-sue-essner
John V. Lavigne,https://www.scholars.northwestern.edu/en/persons/john-v-lavigne
Santhanam Suresh,https://www.scholars.northwestern.edu/en/persons/santhanam-suresh
Ravi Kalhan,https://www.scholars.northwestern.edu/en/persons/ravi-kalhan
Khalilah Latrece Gates,https://www.scholars.northwestern.edu/en/persons/khalilah-l-gates
Michael C. Fagen,https://www.scholars.northwestern.edu/en/persons/michael-fagen
Jordan Henry Grafman,https://www.scholars.northwestern.edu/en/persons/jordan-henry-grafman
Paul A. Knepper,https://www.scholars.northwestern.edu/en/persons/paul-a-knepper
Nicholas J. Volpe,https://www.scholars.northwestern.edu/en/persons/nicholas-j-volpe
Daniela P. Ladner,https://www.scholars.northwestern.edu/en/persons/daniela-p-ladner
Lihui Zhao,https://www.scholars.northwestern.edu/en/persons/lihui-zhao
Abel N. Kho,https://www.scholars.northwestern.edu/en/persons/abel-n-kho
Sara Lynn Shaunfield,https://www.scholars.northwestern.edu/en/persons/sara-shaunfield
Matthew James OBrien,https://www.scholars.northwestern.edu/en/persons/matthew-james-obrien
Jennifer L. Reichek,https://www.scholars.northwestern.edu/en/persons/jennifer-l-reichek
Bin Zhang,https://www.scholars.northwestern.edu/en/persons/bin-zhang
Jill Hibishman Samis,https://www.scholars.northwestern.edu/en/persons/jill-hibishman-samis
Thanh Huyen Vu,https://www.scholars.northwestern.edu/en/persons/thanh-huyen-t-vu
Morris Kletzel,https://www.scholars.northwestern.edu/en/persons/morris-kletzel
Linda Van Van Horn,https://www.scholars.northwestern.edu/en/persons/linda-van-horn
Matthieu Kevin Chardon,https://www.scholars.northwestern.edu/en/persons/matthieu-kevin-chardon
Daniel K. Mroczek,https://www.scholars.northwestern.edu/en/persons/daniel-k-mroczek
Neil J. Stone,https://www.scholars.northwestern.edu/en/persons/neil-j-stone
Charles J. Heckman,https://www.scholars.northwestern.edu/en/persons/c-j-heckman
Sadiya Sana Khan,https://www.scholars.northwestern.edu/en/persons/sadiya-sana-khan
Elizabeth M. McNally,https://www.scholars.northwestern.edu/en/persons/elizabeth-m-mcnally
Jane E. Wilcox,https://www.scholars.northwestern.edu/en/persons/jane-e-wilcox
Joshua N. Leonard,https://www.scholars.northwestern.edu/en/persons/joshua-n-leonard
Matthew Justin Major,https://www.scholars.northwestern.edu/en/persons/matthew-justin-major
Shilajit D. Kundu,https://www.scholars.northwestern.edu/en/persons/shilajit-d-kundu
Inger E. Burnett-Zeigler,https://www.scholars.northwestern.edu/en/persons/inger-e-burnett-zeigler
Reema L. Habiby,https://www.scholars.northwestern.edu/en/persons/reema-l-habiby
Hongxin Dong,https://www.scholars.northwestern.edu/en/persons/hongxin-dong
Vicki Maria Tysseling,https://www.scholars.northwestern.edu/en/persons/vicki-m-tysseling
Roopal Vashi Kundu,https://www.scholars.northwestern.edu/en/persons/roopal-v-kundu
Colin K. Franz,https://www.scholars.northwestern.edu/en/persons/colin-k-franz
Stephanie M. Rangel,https://www.scholars.northwestern.edu/en/persons/stephanie-marie-rangel
Karna Murthy,https://www.scholars.northwestern.edu/en/persons/karna-murthy
Thrasyvoulos N. Pappas,https://www.scholars.northwestern.edu/en/persons/thrasyvoulos-n-pappas
Ken A. Paller,https://www.scholars.northwestern.edu/en/persons/ken-paller
Phyllis C. Zee,https://www.scholars.northwestern.edu/en/persons/phyllis-c-zee
Marc Brian Rosenman,https://www.scholars.northwestern.edu/en/persons/marc-brian-rosenman
Jenna Rossoff,https://www.scholars.northwestern.edu/en/persons/jenna-rossoff
Donald M. Lloyd-Jones,https://www.scholars.northwestern.edu/en/persons/donald-m-lloyd-jones
Martha Hotz Vitaterna,https://www.scholars.northwestern.edu/en/persons/martha-h-vitaterna
Sanjiv J. Shah,https://www.scholars.northwestern.edu/en/persons/sanjiv-j-shah
Ju Wu,https://www.scholars.northwestern.edu/en/persons/susan-a-manning
Jennifer Donglan Wu,https://www.scholars.northwestern.edu/en/persons/jennifer-donglan-wu
Justin Drogos,https://www.scholars.northwestern.edu/en/persons/justin-drogos
Julius P. A. Dewald,https://www.scholars.northwestern.edu/en/persons/julius-p-a-dewald
Carson Joseph Ingo,https://www.scholars.northwestern.edu/en/persons/carson-ingo
Netta Gurari,https://www.scholars.northwestern.edu/en/persons/justin-drogos
David T. Liss,https://www.scholars.northwestern.edu/en/persons/david-liss
Kristen L. Knutson,https://www.scholars.northwestern.edu/en/persons/kristen-knutson
Alan R. Hauser,https://www.scholars.northwestern.edu/en/persons/alan-r-hauser
Melinda R. Ring,https://www.scholars.northwestern.edu/en/persons/melinda-r-ring
Egon Anderson Ozer,https://www.scholars.northwestern.edu/en/persons/egon-anderson-ozer
Jami L. Josefson,https://www.scholars.northwestern.edu/en/persons/jami-l-josefson
Karla J. F. Satchell,https://www.scholars.northwestern.edu/en/persons/karla-j-satchell
Daniel T. Robinson,https://www.scholars.northwestern.edu/en/persons/daniel-t-robinson-md-msc
Jill A. Weissberg Benchell,https://www.scholars.northwestern.edu/en/persons/jill-a-weissberg-benchell
Corey S. Bregman,https://www.scholars.northwestern.edu/en/persons/corey-s-bregman
Donald Robinson Cantrell,https://www.scholars.northwestern.edu/en/persons/donald-robinson-cantrell
Ali Shaibani,https://www.scholars.northwestern.edu/en/persons/ali-shaibani
Sameer Ahmad Ansari,https://www.scholars.northwestern.edu/en/persons/sameer-ahmad-ansari
Diane Chen,https://www.scholars.northwestern.edu/en/persons/diane-chen
Claire A. Coyne,https://www.scholars.northwestern.edu/en/persons/claire-a-coyne
Keith Edward Gordon,https://www.scholars.northwestern.edu/en/persons/keith-edward-gordon
Elizabeth A. Hahn,https://www.scholars.northwestern.edu/en/persons/elizabeth-a-hahn
Teresa H. Horton,https://www.scholars.northwestern.edu/en/persons/terry-horton
Sumanas Wanant Jordan,https://www.scholars.northwestern.edu/en/persons/sumanas-wanant-jordan
David J. Press,https://www.scholars.northwestern.edu/en/persons/david-j-krodel
Erika E. Lawrence,https://www.scholars.northwestern.edu/en/persons/erika-eileen-lawrence
Theresa L. Walunas,https://www.scholars.northwestern.edu/en/persons/theresa-l-walunas
Aggelos K. Katsaggelos,https://www.scholars.northwestern.edu/en/persons/aggelos-k-katsaggelos
Todd B. Parrish,https://www.scholars.northwestern.edu/en/persons/todd-b-parrish
Emanuelle Araujo Lima Bellaguarda,https://www.scholars.northwestern.edu/en/persons/emanuelle-araujo-lima-bellaguarda
Angelo P. Tanna,https://www.scholars.northwestern.edu/en/persons/angelo-p-tanna
Douglas Mathew Sidle,https://www.scholars.northwestern.edu/en/persons/douglas-mathew-sidle
Jenna B. Shapiro,https://www.scholars.northwestern.edu/en/persons/jenna-b-shapiro
Sarah Chuzi,https://www.scholars.northwestern.edu/en/persons/sarah-e-chuzi
Kathleen L. Grady,https://www.scholars.northwestern.edu/en/persons/kathleen-l-grady
Kenzie A. Cameron,https://www.scholars.northwestern.edu/en/persons/kenzie-a-cameron
